-- MariaDB dump 10.17  Distrib 10.4.12-MariaDB, for Linux (x86_64)
--
-- Host: localhost    Database: siac_042020
-- ------------------------------------------------------
-- Server version	10.4.12-MariaDB

/*!40101 SET @OLD_CHARACTER_SET_CLIENT=@@CHARACTER_SET_CLIENT */;
/*!40101 SET @OLD_CHARACTER_SET_RESULTS=@@CHARACTER_SET_RESULTS */;
/*!40101 SET @OLD_COLLATION_CONNECTION=@@COLLATION_CONNECTION */;
/*!40101 SET NAMES utf8mb4 */;
/*!40103 SET @OLD_TIME_ZONE=@@TIME_ZONE */;
/*!40103 SET TIME_ZONE='+00:00' */;
/*!40014 SET @OLD_UNIQUE_CHECKS=@@UNIQUE_CHECKS, UNIQUE_CHECKS=0 */;
/*!40014 SET @OLD_FOREIGN_KEY_CHECKS=@@FOREIGN_KEY_CHECKS, FOREIGN_KEY_CHECKS=0 */;
/*!40101 SET @OLD_SQL_MODE=@@SQL_MODE, SQL_MODE='NO_AUTO_VALUE_ON_ZERO' */;
/*!40111 SET @OLD_SQL_NOTES=@@SQL_NOTES, SQL_NOTES=0 */;

--
-- Table structure for table `actarea`
--

DROP TABLE IF EXISTS `actarea`;
/*!40101 SET @saved_cs_client     = @@character_set_client */;
/*!40101 SET character_set_client = utf8 */;
CREATE TABLE `actarea` (
  `area` char(1) NOT NULL DEFAULT '',
  `narea` char(40) DEFAULT NULL,
  PRIMARY KEY (`area`)
) ENGINE=MyISAM DEFAULT CHARSET=latin1;
/*!40101 SET character_set_client = @saved_cs_client */;

--
-- Dumping data for table `actarea`
--

LOCK TABLES `actarea` WRITE;
/*!40000 ALTER TABLE `actarea` DISABLE KEYS */;
INSERT INTO `actarea` VALUES ('1','CIENCIAS BIOMEDICAS'),('2','CIENCIAS FISICAS E INGENIERIAS'),('3','CIENCIAS SOCIALES');
/*!40000 ALTER TABLE `actarea` ENABLE KEYS */;
UNLOCK TABLES;

--
-- Table structure for table `actescu`
--

DROP TABLE IF EXISTS `actescu`;
/*!40101 SET @saved_cs_client     = @@character_set_client */;
/*!40101 SET character_set_client = utf8 */;
CREATE TABLE `actescu` (
  `area` char(1) NOT NULL DEFAULT '',
  `facu` char(2) NOT NULL DEFAULT '',
  `nive` char(1) NOT NULL DEFAULT '',
  `nues` char(3) NOT NULL DEFAULT '',
  `escu` char(2) NOT NULL DEFAULT '',
  `espe` char(1) NOT NULL DEFAULT '',
  `nesc` char(200) DEFAULT NULL,
  `fin` enum('S','N') NOT NULL DEFAULT 'N' COMMENT 'Flag que indica la finalizacion de ingreso de notas',
  `ffin` char(14) NOT NULL COMMENT 'Fecha y Hora de Finalizacion',
  `napr` int(11) NOT NULL DEFAULT 0,
  `flc` char(1) NOT NULL DEFAULT '',
  `fln` int(11) NOT NULL DEFAULT 0,
  `hom` int(11) NOT NULL DEFAULT 0,
  `muj` int(11) NOT NULL DEFAULT 0,
  `ctes` char(1) NOT NULL DEFAULT '',
  `ninv` float NOT NULL DEFAULT 0,
  `nnor` float NOT NULL DEFAULT 0,
  `nseg` float NOT NULL DEFAULT 0,
  `nter` float NOT NULL DEFAULT 0,
  `ncua` float NOT NULL DEFAULT 0,
  `total` float DEFAULT NULL,
  `cegre` float NOT NULL,
  KEY `nues` (`nues`)
) ENGINE=MyISAM DEFAULT CHARSET=latin1;
/*!40101 SET character_set_client = @saved_cs_client */;

--
-- Dumping data for table `actescu`
--

LOCK TABLES `actescu` WRITE;
/*!40000 ALTER TABLE `actescu` DISABLE KEYS */;
INSERT INTO `actescu` VALUES ('3','CH','Z','479','TH','','TURISMO Y HOTELERÍA','N','20160114124350',11,'X',491,89,85,'',57,57,45,45,45,73296.5,200),('1','CB','Z','402','BI','','BIOLOGÍA','N','20160318110340',11,'X',527,372,364,'S',34,34,28,28,28,70312.5,201),('1','CB','Z','403','NU','','CIENCIAS DE LA NUTRICIÓN','N','20160114124038',11,'X',348,57,326,'S',30,30,24,24,24,44472,203),('1','CB','Z','404','IP','','INGENIERÍA PESQUERA','N','20160112094526',11,'X',153,213,106,'S',30,30,24,24,24,21120.5,210),('1','EN','Z','405','EN','','ENFERMERÍA','N','20160411150333',11,'X',348,26,431,'S',35,35,29,29,29,44416.5,207),('1','MD','Z','406','MD','','MEDICINA','N','20180111080902',11,'X',679,957,441,'S',60,60,60,60,60,81476,237),('2','AU','Z','431','AQ','','ARQUITECTURA','N','',11,'X',770,551,299,'S',31,31,25,25,25,109775,206),('2','CN','Z','432','FS','','FÍSICA','N','20160315080439',11,'X',214,190,51,'S',30,30,24,24,24,31878.5,196),('2','CN','Z','433','MA','','MATEMÁTICAS','N','',11,'X',226,244,148,'S',30,30,24,24,24,35159.5,206),('2','CN','Z','434','QU','','QUÍMICA','N','',11,'X',258,217,218,'S',29,29,23,23,23,34177.5,200),('2','GG','Z','435','GF','','INGENIERÍA GEOFÍSICA','N','20160316090309',11,'X',162,122,50,'S',34,34,28,28,28,26324.5,219),('2','GG','Z','436','GL','','INGENIERÍA GEOLÓGICA','N','20160314083748',11,'X',358,428,49,'S',34,34,28,28,28,48300.5,221),('2','IS','Z','437','IE','','INGENIERÍA ELECTRÓNICA','N','',11,'X',554,521,34,'S',28,28,25,25,25,78429,220),('2','IS','Z','438','II','','INGENIERÍA INDUSTRIAL','N','20170309074100',11,'X',655,747,270,'S',31,31,25,25,25,85850,220),('2','IS','Z','439','ME','','INGENIERÍA MECÁNICA ELÉCTRICA','N','20080821092600',11,'X',777,669,11,'S',28,28,23,18,14,140,220),('2','IC','Z','440','IC','','INGENIERÍA CIVIL','N','',11,'X',624,544,65,'S',29,29,23,23,23,82089,207),('2','IP','Z','441','IM','','INGENIERÍA METALÚRGICA','N','',11,'X',456,666,50,'S',29,29,23,23,23,67460.5,215),('2','IP','Z','442','IQ','','INGENIERÍA QUÍMICA','N','20170310133823',11,'X',608,478,320,'S',29,29,23,23,23,80314.5,205),('3','CH','Z','463','HI','','HISTORIA','N','',11,'X',181,139,150,'S',28,28,22,22,22,25872,196),('3','CH','Z','464','SO','','SOCIOLOGÍA','N','20160115114134',11,'X',326,137,118,'A',33,33,27,27,27,49805,200),('3','CH','Z','465','TS','','TRABAJO SOCIAL','N','20160113145316',11,'X',470,15,345,'A',31,31,25,25,25,63172.5,200),('3','CH','Z','466','AN','','ANTROPOLOGÍA','N','20160113130949',11,'X',195,90,105,'S',52,52,40,40,40,26104,204),('3','FH','Z','471','AR','','ARTES','N','20160113114308',11,'X',463,166,113,'S',29,29,23,23,23,63937,210),('3','EC','Z','470','EC','','ECONOMÍA','N','20180301120451',11,'X',1004,745,483,'S',30,30,24,24,24,145632,194),('3','AD','Z','467','AD','','ADMINISTRACIÓN','N','20180301124132',11,'X',1131,386,290,'S',27,27,21,21,21,152602,210),('3','PR','Z','478','CC','','CIENCIAS DE LA COMUNICACIÓN','N','20160310111632',11,'X',780,241,357,'A',26,26,20,20,20,117394,200),('3','CF','Z','468','CO','','CONTABILIDAD','N','',11,'X',832,507,625,'S',58,58,46,46,46,120911,200),('3','PR','Z','475','RI','','RELACIONES INDUSTRIALES','N','',11,'X',727,226,233,'A',32,32,26,26,26,96671,187),('3','PR','Z','474','PS','','PSICOLOGÍA','N','',11,'X',973,294,642,'A',56,56,44,44,44,127313,220),('3','FH','Z','472','FL','','FILOSOFÍA','N','20160112080036',11,'X',112,132,102,'A',52,52,40,40,40,16167.5,200),('3','FH','Z','473','LI','','LITERATURA Y LINGÜÍSTICA','N','20160112080333',11,'X',286,150,236,'A',25,25,19,19,19,41689.5,190),('3','CF','Y','371','GT','','SEGUNDA ESPECIALIDAD GERENCIA TRIBUTARIA','N','',13,'',17,0,0,'',0,0,0,0,0,2170,0),('3','AD','Y','372','AM','','SEGUNDA ESPECIALIDAD EN CIENCIAS ADMINISTRATIVAS','N','',13,'',12,0,0,'',0,0,0,0,0,3000,0),('3','CF','Y','373','CF','','SEGUNDA ESPECIALIZACION EN INFORMATICA CONTABLE Y FINANCIERA','N','',13,'',7,0,0,'',0,0,0,0,0,840,0),('3','CE','Z','461','ED','','EDUCACIÓN','N','',11,'X',1369,862,1780,'A',29,29,23,23,23,193736,194),('1','AG','Z','401','AG','','AGRONOMÍA','N','',11,'X',407,449,111,'S',28,28,22,22,22,60228,210),('2','IP','Z','444','IA','','INGENIERÍA DE INDUSTRIAS ALIMENTARIAS','N','',11,'X',408,45,58,'S',31,31,25,25,25,58685.5,204),('2','IP','Z','445','MT','','INGENIERÍA DE MATERIALES','N','',11,'X',400,74,28,'S',30,30,24,24,24,58665.5,200),('2','GG','Z','443','MI','','INGENIERÍA DE MINAS','N','20160316084201',11,'X',388,111,8,'S',30,30,24,24,24,52847.5,206),('2','IS','Z','446','IS','','INGENIERÍA DE SISTEMAS','N','20170315113756',11,'X',433,94,36,'S',29,29,23,23,23,61449,216),('2','IS','Z','447','EL','','INGENIERÍA ELÉCTRICA','N','20180301105532',11,'X',428,152,5,'S',31,31,25,25,25,64708,220),('2','IS','Z','448','MC','','INGENIERÍA MECÁNICA','N','',11,'X',570,0,0,'S',30,30,24,24,24,78688,220),('3','DE','Z','469','DE','','DERECHO','N','',11,'X',1085,708,395,'A',29,29,23,23,23,145641,240),('3','AD','Y','374','GD','','SEGUNDA ESPECIALIDAD GESTION Y DESARROLLO DE RECURSOS HUMANOS','N','',13,'',14,0,0,'',0,0,0,0,0,3375,0),('3','AD','Y','375','AA','','SEGUNDA ESPECIALIZACION EN ADMINISTRACION Y GESTION DE NEGOCIOS INTERNACIONALES Y ADUANAS','N','',13,'',35,0,0,'',0,0,0,0,0,2280,0),('3','CF','Y','376','CG','','SEGUNDA ESPECIALIDAD CONTABILIDAD GERENCIAL','N','',13,'',8,0,0,'',0,0,0,0,0,960,0),('3','AD','Y','370','GP','','SEGUNDA ESPECIALIDAD GESTION PUBLICA','N','',13,'',1,0,0,'',0,0,0,0,0,150,0),('3','AD','Y','369','GR','','SEGUNDA ESPECIALIDAD GERENCIA ESTRATEGICA','N','',13,'',12,0,0,'',0,0,0,0,0,1120,0),('3','CF','Y','368','FN','','SEGUNDA ESPECIALIDAD FINANZAS (PRIVADAS, PUBLICAS E INTERNACIONALES)','N','',13,'',3,0,0,'',0,0,0,0,0,360,0),('3','AD','Y','367','MV','','SEGUNDA ESPECIALIDAD MARKETING Y VENTAS','N','',13,'',31,0,0,'',0,0,0,0,0,2350,0),('3','CF','Y','366','AI','','SEGUNDA ESPECIALIDAD AUDITORIA INTEGRAL','N','',13,'',14,0,0,'',0,0,0,0,0,1680,0),('2','CN','Y','338','CP','','SEGUNDA ESPECIALIDAD EN CONTAMINACION Y POLUCION AMBIENTAL','N','',13,'',6,0,0,'',0,0,0,0,0,125,0),('3','PR','X','273','RI','0','MAESTRIA EN CIENCIAS, CON MENCION EN GERENCIA ESTRATEGICA DE RECURSOS HUMANOS','N','20190315130237',11,'X',46,0,0,'',0,0,0,0,0,13801.2,0),('3','FH','X','272','AR','0','MAESTRIA EN ARTES','S','20190322090130',0,'X',34,0,0,'',0,0,0,0,0,10370,0),('3','AD','W','481','OF','','COMPLEMENTACION ACADEMICA PARA OFICIALES','N','F',11,'',35,0,0,'',28,28,23,18,14,0,0),('3','AD','W','480','SE','','COMPLEMENTACION ACADEMICA PARA SECRETARI','N','F',11,'',76,1,104,'',0,0,0,0,0,7762.5,0),('1','MD','V','501','EG','','PROG. DE ESP. EN EPIDEMIOLOGIA DE CAMPO','N','F',11,'',0,84,42,'',0,0,0,0,0,0,0),('3','CH','Y','365','HI','A','SEGUNDA ESPECIALIDAD DE GEOGRAFIA RECURSOS NATURALES Y GESTION AMBIENTAL','N','F',13,'',1,0,0,'',0,0,0,0,0,100,0),('1','CB','X','208','BT','0','MAESTRIA EN CIENCIAS: CON MENCION EN BIOTECNOLOGIA VEGETAL','N','F',13,'X',1,8,4,'',0,0,0,0,0,150,0),('2','IS','Y','337','IT','','SEGUNDA ESPECIALIDAD DE INGENIERIA EN TELECOMUNICACIONES','N','F',13,'',19,28,4,'',0,0,0,0,0,4822,0),('3','FH','X','271','LH','','MAESTRIA EN CIENCIAS: LINGUISTICA APLICADA','N','F',13,'X',1,16,14,'',0,0,0,0,0,305,0),('2','IS','Y','336','IN','','SEGUNDA ESPECIALIDAD EN INGENIERIA INFORMATICA','N','F',13,'',8,12,12,'',0,0,0,0,0,5575,0),('3','CE','Y','364','GE','A','SEGUNDA ESPECIALIDAD EN GESTION EDUCATIVA','N','',13,'',1,9,10,'',0,0,0,0,0,75,0),('3','CE','Y','363','EP','A','SEGUNDA ESPECIALIDAD EN EDUCACION PRIMARIA','N','20180731091603',13,'',30,20,131,'',0,0,0,0,0,3000,0),('3','FH','Y','362','LH','A','SEGUNDA ESPECIALIDAD EN LINGÜISTICA HISPANICA','N','F',13,'',0,0,0,'',0,0,0,0,0,0,0),('3','CH','X','270','GS','','MAESTRIA EN CIENCIAS, CON MENCION EN GESTION SOCIAL Y DESARROLLO SOSTENIBLE','N','F',13,'X',1,12,22,'',0,0,0,0,0,305,0),('3','FH','X','269','LI','1','MAESTRIA EN CIENCIAS: LITERATURA','S','20190422163541',13,'X',12,8,7,'',0,0,0,0,0,3965,0),('3','CF','X','268','CA','1','MAESTRIA EN CIENCIAS: CONTABLES Y FINANCIERAS','S','20200123084816',13,'X',200,112,56,'',0,0,0,0,0,68396.2,0),('3','CH','X','267','HS','1','MAESTRIA EN CIENCIAS','N','F',13,'X',1,3,7,'',0,0,0,0,0,0,0),('3','PR','X','266','CS','1','MAESTRIA EN CIENCIAS: CON MENCION EN COMUNICACION','N','20190329100817',13,'X',18,23,34,'',0,0,0,0,0,5490,0),('3','DE','X','265','DE','1','MAESTRIA EN CIENCIAS: DERECHO','S','20190926103533',13,'X',186,176,88,'',0,0,0,0,0,57340,0),('3','FH','X','264','FL','1','MAESTRIA EN CIENCIAS: FILOSOFIA','S','20181210140501',13,'X',34,16,4,'',0,0,0,0,0,10370,0),('3','PR','X','263','PS','1','MAESTRIA EN CIENCIAS, CON MENCION EN PSICOLOGIA CLINICA-EDUCATIVA, INFANTIL Y ADOLESCENCIAL','S','20200116124328',13,'X',139,27,71,'',0,0,0,0,0,43157.5,0),('3','CE','X','262','ED','1','MAESTRIA EN CIENCIAS: EDUCACION','S','20190725114513',13,'X',1,47,74,'',0,0,0,0,0,305,0),('3','EC','X','261','EC','','MAESTRIA EN CIENCIAS: ECONOMIA','S','20200129094107',13,'X',82,41,17,'',0,0,0,0,0,25010,0),('2','IS','Y','335','PY','','SEGUNDA ESPECIALIDAD EN INGENIERIA DE PROYECTOS','N','F',13,'',32,49,14,'',0,0,0,0,0,44405,0),('2','IS','Y','334','CM','','SEGUNDA ESPECIALIDAD DE INGENIERIA COMERCIAL Y NEGOCIOS INTERNACIONALES','N','F',13,'',4,43,19,'',0,0,0,0,0,2000,0),('2','IS','Y','333','FI','','SEGUNDA ESPECIALIDAD EN INGENIERIA FINANCIERA','N','F',13,'',20,10,4,'',0,0,0,0,0,25525,0),('2','IS','Y','332','PR','','SEGUNDA ESPECIALIDAD EN INGENIERIA DE PRODUCCION','N','F',13,'',30,41,20,'',0,0,0,0,0,79355,0),('2','IS','Y','331','IS','','SEGUNDA ESPECIALIZACION EN INGENIERIA DE SISTEMAS','N','F',13,'',10,71,18,'',0,0,0,0,0,10800,0),('2','IC','X','243','IC','','MAESTRIA EN CIENCIAS: INGENIERIA CIVIL','N','F',13,'X',7,20,2,'',0,0,0,0,0,2100,0),('2','IP','X','241','IM','1','MAESTRIA EN CIENCIAS: CON MENCION EN INGENIERIA METALURGICA','S','20190524084343',13,'X',0,52,3,'',0,0,0,0,0,610,0),('2','CN','X','240','FS','0','MAESTRIA EN CIENCIAS: CON MENCION EN FISICA','S','20190924144751',13,'X',6,16,8,'',0,0,0,0,0,1830,0),('2','AU','X','239','AU','1','MAESTRIA EN CIENCIAS, CON MENCION EN PLANEAMIENTO Y GESTION URBANO AMBIENTAL','N','F',13,'X',1,21,5,'',0,0,0,0,0,305,0),('2','IS','X','238','EL','1','MAESTRIA EN CIENCIAS: INGENIERIA ELECTRICA','S','20191211113310',13,'X',74,10,0,'',0,0,0,0,0,22417.5,0),('2','IS','X','237','IE','1','MAESTRIA EN CIENCIAS: INGENIERIA ELECTRONICA','S','20180919134952',13,'X',1,0,0,'',0,0,0,0,0,305,0),('2','IS','X','236','II','1','MAESTRIA EN CIENCIA: INGENIERIA INDUSTRIAL','S','20191202104440',13,'X',136,42,13,'',0,0,0,0,0,43005,0),('2','IP','X','235','MT','1','MAESTRIA EN CIENCIA DE MATERIALES','N','F',13,'X',0,0,0,'',0,0,0,0,0,0,0),('2','IP','X','234','TA','0','MAESTRIA EN CIENCIA Y TECNOLOGIA DE ALIMENTOS','','',13,'X',12,18,11,'',0,0,0,0,0,3355,0),('2','IS','X','233','MC','','MAESTRIA EN CIENCIAS: INGENIERIA MECANICA','S','20191003104646',13,'X',24,11,0,'',0,0,0,0,0,7625,0),('2','CN','X','232','QU','','MAESTRIA EN CIENCIAS: QUIMICA','N','F',13,'X',1,14,18,'',0,0,0,0,0,1525,0),('2','CN','X','231','MA','A','MAESTRIA EN CIENCIAS: MATEMATICAS','S','20190925130930',13,'X',31,10,2,'',0,0,0,0,0,9455,0),('2','CN','X','132','DQ','','DOCTORADO EN CIENCIAS: QUIMICA','N','F',13,'X',1,4,7,'',0,0,0,0,0,305,0),('2','IS','X','131','EG','1','DOCTORADO EN CIENCIAS: CON MENCION EN INGENIERIA EN ENERGETICA','N','F',13,'X',3,14,1,'',0,0,0,0,0,915,0),('1','MD','Y','301','MD','','MEDICINA RESIDENTADO - 2DA.ESPEC.','N','F',13,'',228,84,42,'',0,0,0,0,0,114000,0),('1','EN','X','207','GO','','MAESTRIA EN CIENCIAS: ADMINISTRACION Y GERENCIA EN ORGANIZACIONES DE SALUD','S','20190625155509',13,'X',60,19,36,'',0,0,0,0,0,18300,0),('1','CB','X','206','AE','0','MAESTRIA EN CIENCIAS: CON MENCION EN AGROECOLOGIA','S','20190927105619',13,'X',3,12,10,'',0,0,0,0,0,915,0),('1','EN','X','205','EN','0','MAESTRIA EN CIENCIAS: ENFERMERIA','S','20190625152052',13,'X',29,6,79,'',0,0,0,0,0,9150,0),('1','MD','X','204','SP','0','MAESTRIA EN CIENCIAS: SALUD PUBLICA','S','20190912090733',13,'X',1,28,61,'',0,0,0,0,0,300,0),('1','MD','X','203','MD','0','MAESTRIA EN CIENCIAS: BIOMEDICAS BASICAS','N','F',13,'X',1,25,26,'',0,0,0,0,0,305,0),('1','MD','X','202','MD','','MAESTRIA EN CIENCIAS: MEDICINA','N','F',13,'X',1,50,50,'',0,0,0,0,0,305,0),('1','MD','X','201','BI','','MAESTRIA EN BIOQUIMICA Y BIOLOGIA MOLECULAR','N','F',11,'X',1,0,0,'',0,0,0,0,0,305,0),('3','AD','X','275','CI','','MAESTRIA EN CIENCIAS: ADMINISTRACION','N','20190124151442',13,'X',147,15,6,'',0,0,0,0,0,41937,0),('3','CE','W','462','EP','A','EDUCACION PROFESIONALIZACION','N','',11,'',1,739,752,'A',28,28,23,18,14,50,0),('3','PR','W','477','PP','','PROFESIONALIZACION EN PERIODISMO','N','F',11,'',184,55,6,'S',28,28,23,18,14,0,0),('3','CE','W','476','ES','','COMPLEMENTACION ACADEMICA','S','20120829140052',11,'',77,394,618,'S',28,28,23,18,14,5860,44),('3','FH','Y','377','EI','','SEGUNDA ESPECIALIZACION SOBRE LA ENSEÑANZA DEL INGLES COMO LENGUA EXTRANJERA','N','',13,'',1,0,0,'',0,0,0,0,0,100,40),('2','IP','Y','339','IG','','SEGUNDA ESPECIALIZACION EN INGENIERIA Y GESTION AMBIENTAL','N','',13,'',25,0,0,'',0,0,0,0,0,6300,0),('1','EN','Y','305','EF','','SEGUNDA ESPECIALIDAD EN ENFERMERIA','N','',13,'',152,0,0,'',0,0,0,0,0,38000,56),('2','CN','Y','340','CN','','SEGUNDA ESPECIALIDAD EN CONTAMINACION Y GESTION AMBIENTAL','N','',13,'',1,0,0,'',0,0,0,0,0,800,48),('2','CN','Y','341','TQ','','SEGUNDA ESPECIALIDAD EN TECNOLOGIA QUIMICA AMBIENTAL','N','',13,'',17,0,0,'',0,0,0,0,0,500,48),('2','CN','Y','342','TC','','SEGUNDA ESPECIALIDAD EN TOXICOLOGIA Y CONTROL ALIMENTARIO','N','',13,'',9,0,0,'',0,0,0,0,0,450,46),('1','MD','X','102','DB','','DOCTORADO EN CIENCIAS: BIOMEDICAS','N','',13,'X',1,0,0,'',0,0,0,0,0,305,0),('3','CH','X','274','FC','','MAESTRIA EN CIENCIAS: FORENSES Y CRIMINALISTICA, CON MENCION EN PERITACION CRIMINALISTICA','N','',13,'X',1,0,0,'',0,0,0,0,0,305,0),('2','CN','X','244','GA','','MAESTRIA EN CIENCIAS, CON MENCION EN GERENCIA, AUDITORIA Y GESTION AMBIENTAL','S','20190923090732',13,'X',52,0,0,'',0,0,0,0,0,15860,0),('1','MD','X','101','DM','','DOCTORADO EN CIENCIAS: MEDICINA','N','F',13,'X',2,15,6,'',0,0,0,0,0,610,0),('3','CH','Y','378','SA','','SEGUNDA ESPECIALIDAD EDUCACION SEXUAL Y AFECTIVIDAD','N','',13,'',12,0,0,'',0,0,0,0,0,1200,0),('3','CH','Y','379','TU','','SEGUNDA ESPECIALIDAD EN GESTION DE TURISMO CULTURAL Y EDUCATIVO','N','',13,'',53,0,0,'',0,0,0,0,0,2730,0),('3','CH','X','163','DS','','DOCTORADO EN CIENCIAS SOCIALES','N','',13,'X',1,0,0,'',0,0,0,0,0,610,0),('3','EC','X','162','DG','','DOCTORADO EN CIENCIAS, CON MENCION EN ECONOMIA Y GESTION','N','',13,'X',4,0,0,'',0,0,0,0,0,1220,0),('2','CN','X','135','DT','','DOCTORADO EN CIENCIAS Y TECNOLOGIAS MEDIOAMBIENTALES','S','20190919150802',13,'X',25,0,0,'',0,0,0,0,0,7777,0),('2','IS','X','134','DC','','DOCTORADO EN CIENCIAS DE LA COMPUTACION','S','20190103100225',13,'X',8,0,0,'',0,0,0,0,0,2363.75,0),('2','IS','X','245','MS','','MAESTRIA EN CIENCIAS: INGENIERIA DE SISTEMAS','S','20200117135017',13,'X',31,0,0,'',0,0,0,0,0,12200,0),('3','CH','Y','380','GG','','SEGUNDA ESPECIALIDAD EN GESTION DE PROYECTOS DE DESARROLLO','N','',13,'',16,0,0,'',0,0,0,0,0,3335,0),('2','IS','X','133','DP','','DOCTORADO EN CIENCIAS: INGENIERIA DE PRODUCCION','N','',13,'X',2,0,0,'',0,0,0,0,0,455,0),('3','CF','X','161','DL','','DOCTORADO EN CIENCIAS EMPRESARIALES','N','',13,'X',1,0,0,'',0,0,0,0,0,305,0),('3','FH','Y','381','CL','','SEGUNDA ESPECIALIDAD EN COMUNICACION LITERARIA','N','',13,'',29,0,0,'',0,0,0,0,0,2175,40),('3','CE','Y','382','IF','A','SEGUNDA ESPECIALIDAD EN COMPUTACION E INFORMATICA EDUCATIVA','N','20180731091607',13,'',65,0,0,'',0,0,0,0,0,6500,0),('3','CE','Y','383','ET','A','SEGUNDA ESPECIALIDAD EN: ESTIMULACION TEMPRANA','S','20161010133156',13,'',12,0,0,'',0,0,0,0,0,720,0),('3','CE','Y','384','EA','A','SEGUNDA ESPECIALIDAD EN: EDUCACION DE ADULTOS','N','20180731091613',13,'',69,0,0,'',0,0,0,0,0,6900,0),('3','CE','Y','385','EM','A','SEGUNDA ESPECIALIDAD EN: EDUCACION Y GESTION AMBIENTAL','N','',13,'',47,0,0,'',0,0,0,0,0,0,0),('3','CE','Y','386','DI','A','SEGUNDA ESPECIALIDAD DIRECCION Y GESTION DE INSTITUCIONES EDUCATIVAS','N','20180731091558',13,'',40,0,0,'',0,0,0,0,0,4000,0),('3','AD','W','482','PU','','COMPLEMENTACION ACADEMICA EN GESTION PUBLICA','N','',11,'',1,0,0,'',0,0,0,0,0,7975,0),('2','IP','Y','343','SL','','SEGUNDA ESPECIALIZACION EN INGENIERIA DE SOLDADURA DE MANTENIMIENTO Y DE CONSTRUCCION','N','',13,'',31,0,0,'',0,0,0,0,0,600,0),('2','IS','Y','344','IL','','SEGUNDA ESPECIALIDAD EN INGENIERIA LOGISTICA Y COMERCIO INTERNACIONAL','N','',13,'',13,0,0,'',0,0,0,0,0,16790,0),('1','EN','X','103','SA','','DOCTORADO EN CIENCIAS: SALUD COLECTIVA','N','',13,'X',26,0,0,'',0,0,0,0,0,8230,0),('1','MD','X','104','PB','','DOCTORADO EN CIENCIAS: SALUD PUBLICA','S','20190905090033',13,'X',28,0,0,'',0,0,0,0,0,8235,0),('2','IP','X','136','ML','','DOCTORADO EN INGENIERIA DE PROCESOS Y MATERIALES INDUSTRIALES','N','',13,'X',0,0,0,'',0,0,0,0,0,0,0),('3','PR','X','164','PI','','DOCTORADO EN PSICOLOGIA','N','20190306141718',13,'X',18,0,0,'',0,0,0,0,0,5108.75,0),('1','MD','X','209','EE','','MAESTRIA EN CIENCIAS: EPIDEMIOLOGIA Y DEMOGRAFIA','N','',13,'X',0,0,0,'',0,0,0,0,0,0,0),('1','MD','X','210','BO','','MAESTRIA EN CIENCIAS: BIOETICA','N','',13,'X',0,0,0,'',0,0,0,0,0,0,0),('1','MD','X','211','EO','','MAESTRIA EN CIENCIAS: ECOLOGIA Y SALUD AMBIENTAL','N','',13,'X',0,0,0,'',0,0,0,0,0,0,0),('1','MD','X','212','NA','','MAESTRIA EN CIENCIAS: SALUD DEL NINO Y DEL ADOLESCENTE','N','',13,'X',0,0,0,'',0,0,0,0,0,0,0),('1','MD','X','213','SX','','MAESTRIA EN CIENCIAS: SALUD SEXUAL Y REPRODUCTIVA','N','',13,'X',3,0,0,'',0,0,0,0,0,915,0),('1','MD','X','214','AS','','MAESTRIA EN CIENCIAS: ADMINISTRACION Y GESTION EN SALUD','S','20190912105533',13,'X',65,0,0,'',0,0,0,0,0,20435,0),('1','MD','X','215','GC','','MAESTRIA EN CIENCIAS: EPIDEMIOLOGIA CLINICA','N','',13,'X',0,0,0,'',0,0,0,0,0,0,0),('2','IS','X','246','IY','','MAESTRIA EN CIENCIAS: INGENIERIA DE PROYECTOS','N','',13,'X',72,0,0,'',0,0,0,0,0,22875,0),('2','CN','X','247','MR','','MAESTRIA EN CIENCIAS: FISICA APLICADA A LA MEDICINA Y RADIOPROTECCION','N','',13,'X',3,0,0,'',0,0,0,0,0,760,0),('2','IP','X','248','GN','','MAESTRIA EN CIENCIAS CON MENCION EN: INGENIERIA DEL GAS NATURAL','N','',13,'X',1,0,0,'',0,0,0,0,0,305,0),('2','IP','X','249','IB','','MAESTRIA EN CIENCIAS CON MENCION EN: INGENIERIA AMBIENTAL','S','20190329083523',13,'X',57,0,0,'',0,0,0,0,0,16698.8,0),('2','IP','X','250','TM','','MAESTRIA EN CIENCIAS CON MENCION EN: CIENCIA Y TECNOLOGIA DE MATERIALES','N','',13,'X',0,0,0,'',0,0,0,0,0,0,0),('3','CH','X','276','GX','','MAESTRIA EN CIENCIAS, CON MENCION EN: GENERO, SEXUALIDAD Y POLITICAS SOCIALES','N','',13,'X',0,0,0,'',0,0,0,0,0,0,0),('3','CH','X','277','PC','','MAESTRIA EN CIENCIAS, CON MENCION EN: CIUDADANIA, PARTICIPACION Y PROMOCION SOCIAL','N','',13,'X',0,0,0,'',0,0,0,0,0,0,0),('2','IS','Y','345','IR','','SEGUNDA ESPECIALIDAD EN INGENIERIA DE RECURSOS HUMANOS','N','',13,'',18,0,0,'',0,0,0,0,0,38800,0),('2','IS','Y','346','BM','','SEGUNDA ESPECIALIDAD EN INGENIERIA BIOMEDICA','N','',13,'',25,0,0,'',0,0,0,0,0,5000,0),('3','AD','Y','387','GM','','SEGUNDA ESPECIALIDAD EN GESTION MUNICIPAL','N','',13,'',1,0,0,'',0,0,0,0,0,120,0),('3','FH','Y','388','IV','','SEGUNDA ESPECIALIDAD EN ITALIANISTICA','N','',13,'',4,0,0,'',0,0,0,0,0,262.5,40),('3','CH','Y','389','BL','','SEGUNDA ESPECIALIDAD EN BIBLIOTECOLOGIA Y DOCUMENTACION','N','',13,'',49,0,0,'',0,0,0,0,0,6420,0),('3','FH','Y','390','CU','','SEGUNDA ESPECIALIDAD EN COMUNICACION LINGÜISTICA INTERCULTURAL','N','',13,'',32,0,0,'',0,0,0,0,0,2362.5,40),('3','PR','Y','391','PM','','SEGUNDA ESPECIALIDAD EN: PUBLICIDAD Y MARKETING','N','',13,'',10,0,0,'',0,0,0,0,0,500,0),('3','CH','Y','392','SI','','SEGUNDA ESPECIALIDAD EN SOCIEDAD, INFORMATICA Y GESTION EDUCATIVA','N','',13,'',60,0,0,'',0,0,0,0,0,5630,0),('1','CB','X','216','BS','','MAESTRIA EN CIENCIAS: CON MENCION EN BIOLOGIA DE LA SALUD','S','20191206121305',13,'X',5,0,0,'',0,0,0,0,0,1525,0),('3','CH','X','278','TR','','MAESTRIA EN CIENCIAS CON MENCION EN GESTION DEL TURISMO SOSTENIBLE','N','',13,'X',3,0,0,'',0,0,0,0,0,1220,0),('3','DE','X','165','DD','','DOCTORADO EN DERECHO','S','20191210145351',13,'X',39,0,0,'',0,0,0,0,0,11285,0),('3','CH','X','166','CR','','DOCTORADO EN CIENCIAS: FORENSES Y CRIMINALISTICA','N','',13,'X',1,0,0,'',0,0,0,0,0,305,0),('1','CB','Y','306','LE','','SEGUNDA ESPECIALIDAD DE: LABORATORIO EDUCATIVO DE BIOLOGIA','N','',13,'',10,0,0,'',0,0,0,0,0,400,0),('1','CB','Y','307','AB','','SEGUNDA ESPECIALIDAD DE LABORATORIO DE ANALISIS BIOLOGICOS','N','',13,'',21,0,0,'',0,0,0,0,0,4600,0),('2','CN','Y','347','MM','','SEGUNDA ESPECIALIDAD MANEJO DE RECURSOS MATEMATICOS','N','',13,'',1,0,0,'',0,0,0,0,0,50,48),('3','AD','Y','393','RM','','SEGUNDA ESPECIALIDAD EN GESTION PUBLICA REGIONAL Y MUNICIPAL','N','',13,'',1,0,0,'',0,0,0,0,0,150,0),('3','AD','W','483','EJ','','COMPLEMENT. ACAD. OFICIALES DE FF.AA. EJERCITO','N','',11,'',45,0,0,'',0,0,0,0,0,4500,0),('3','PR','Y','395','PE','','SEGUNDA ESPECIALIDAD EN CIENCIAS DE LA COMUNICACION CON MENCION EN PERIODISMO ESCOLAR','N','',13,'',87,0,0,'',0,0,0,0,0,3990,0),('3','EC','Y','394','FE','','SEGUNDA ESPECIALIDAD EN FORMULACION, EVALUACION Y GESTION DE PROYECTOS','N','',13,'',10,0,0,'',0,0,0,0,0,650,0),('3','CE','Y','396','PT','','SEGUNDA ESPECIALIZACION EN PSICOLOGIA, TUTORIA Y ORIENTACION EDUCATIVA','N','20180731091629',13,'',91,0,0,'',0,0,0,0,0,9100,0),('3','CE','Y','397','FO','','SEGUNDA ESPECIALIZACION EN EDUCACION PARA EL TRABAJO Y FORMACION OCUPACIONAL','N','20161010133359',13,'',58,0,0,'',0,0,0,0,0,5800,0),('3','CH','X','282','OT','','MAESTRIA EN CIENCIAS: CON MENCION EN GEOGRAFIA AMBIENTAL Y ORDENAMIENTO TERRITORIAL','N','',13,'X',12,0,0,'',0,0,0,0,0,2775,0),('3','CH','X','283','GH','','MAESTRIA EN CIENCIAS, CON MENCION EN GERENCIA SOCIAL Y DE RECURSOS HUMANOS','N','20190122132500',13,'X',73,0,0,'',0,0,0,0,0,21883.8,0),('1','CB','X','284','ND','','MAESTRIA EN CIENCIAS CON MENCION EN NUTRICION, DEPORTE Y ESTETICA','S','20190927105258',13,'X',6,0,0,'',0,0,0,0,0,1753.75,0),('2','IP','X','285','SM','','MAESTRIA EN CIENCIAS: CON MENCION EN SEGURIDAD Y MEDIO AMBIENTE','S','20190528182409',13,'X',93,0,0,'',0,0,0,0,0,28822.5,0),('2','IS','X','251','FM','','MAESTRIA EN CIENCIAS: INFORMATICA','S','20190820140617',13,'X',27,0,0,'',0,0,0,0,0,8692.5,0),('3','PR','X','167','DO','','DOCTORADO EN COMUNICACION Y DESARROLLO','N','',13,'X',1,0,0,'',0,0,0,0,0,305,0),('3','CE','X','168','DA','','DOCTORADO EN CIENCIAS: EDUCACION','S','20191017084559',13,'X',91,0,0,'',0,0,0,0,0,24933.8,0),('2','IS','X','252','MN','','MAESTRIA EN CIENCIAS: INGENIERIA DE MANTENIMIENTO','S','20191003102341',13,'X',90,0,0,'',0,0,0,0,0,27602,0),('2','IS','X','280','SG','','MAESTRIA EN MEDIO AMBIENTE Y SISTEMAS INTEGRADOS DE GESTION','S','20190325134105',13,'X',111,0,0,'',0,0,0,0,0,34160,0),('2','IS','X','253','TL','','MAESTRIA EN TELECOMUNICACIONES','S','20190917114601',13,'X',1,0,0,'',0,0,0,0,0,305,0),('2','AU','X','281','DU','','MAESTRIA EN CIENCIAS CON MENCION EN DISENO URBANO','N','',13,'X',2,0,0,'',0,0,0,0,0,610,0),('3','PR','Y','398','OC','','SEGUNDA ESPECIALIDAD ORIENTACION Y CONSEJERIA AL NIÑO, ADOLESCENTE Y PSICOTERAPIA FAMILIAR','N','',13,'',35,0,0,'',0,0,0,0,0,3450,0),('3','CH','Y','399','PF','','SEGUNDA ESPECIALIDAD EN GENERO Y PROMOCION DE LA FAMILIA','N','',13,'',12,0,0,'',0,0,0,0,0,1080,0),('2','GG','Y','348','PA','','SEGUNDA ESPECIALIDAD: GESTION PARA LA PREVENCION Y ATENCION DE DESASTRES Y DESARROLLO SOSTENIBLE','N','',13,'',0,0,0,'',0,0,0,0,0,0,0),('1','CB','Y','308','NT','','SEGUNDA ESPECIALIDAD EN NUTRICION','N','',13,'',39,0,0,'',0,0,0,0,0,9750,0),('3','FH','Y','309','AV','','SEGUNDA ESPECIALIDAD EN ARTES VISUALES','N','',13,'',17,0,0,'',0,0,0,0,0,860,40),('1','CB','W','485','NH','','COMPLEMENTACION ACADEMICA EN NUTRICION','N','',11,'',0,0,0,'',0,0,0,0,0,NULL,0),('2','CN','Y','310','EX','','SEGUNDA ESPECIALIDAD FISICA EDUCATIVA Y EXPERIMENTAL','N','',13,'',12,0,0,'',0,0,0,0,0,NULL,44),('3','CH','X','286','MP','','MAESTRIA EN CIENCIAS: CON MENCION EN PERITACION CRIMINALISTICA','S','20200108120136',13,'X',17,0,0,'',0,0,0,0,0,5490,0),('3','CH','Y','311','HE','','SEGUNDA ESPECIALIDAD EN: HISTORIA Y ESPACIO REGIONAL','N','',13,'',0,0,0,'',0,0,0,0,0,NULL,0),('3','CE','Y','312','PG','','SEGUNDA ESPECIALIDAD CON MENCION: DISEÑO PROMOCION Y GESTION DE PROYECTOS','N','',13,'',6,0,0,'',0,0,0,0,0,360,0),('3','CE','Y','313','EB','','SEGUNDA ESPECIALIDAD EN: EDUCACION BILINGÜE INTERCULTURAL','S','20150406095325',13,'',9,0,0,'',0,0,0,0,0,540,0),('3','CE','Y','314','CE','','SEGUNDA ESPECIALIDAD EN: DIDACTICA DEL INGLES COMO LENGUA EXTRAJERA','N','20180731091539',13,'',42,0,0,'',0,0,0,0,0,4200,0),('3','CE','Y','315','SU','','SEGUNDA ESPECIALIDAD EN: DIDACTICA DE LA EDUCACION SUPERIOR','S','20180731091545',13,'',1,0,0,'',0,0,0,0,0,100,0),('3','CE','Y','316','PD','','SEGUNDA ESPECIALIDAD EN: PSICOMOTRICIDAD, EDUCACION FISICA Y DEPORTES','N','20180731091548',13,'',44,0,0,'',0,0,0,0,0,4400,0),('3','AD','Y','317','FG','','SEGUNDA ESPECIALIDAD EN GERENCIA FINANCIERA Y GESTION DE RIESGOS','N','',13,'',6,0,0,'',0,0,0,0,0,720,0),('3','AD','Y','318','GV','','SEGUNDA ESPECIALIDAD EN GERENCIA DE MARKETING Y VENTAS','N','',13,'',12,0,0,'',0,0,0,0,0,1380,0),('2','AU','X','287','QT','','MAESTRIA EN CIENCIAS: ARQUITECTURA','N','',13,'X',1,0,0,'',0,0,0,0,0,305,0),('1','CB','X','217','DH','','MAESTRIA EN CIENCIAS CON MENCION EN SEGURIDAD ALIMENTARIA Y DESARROLLO HUMANO','S','20190927105816',13,'X',24,0,0,'',0,0,0,0,0,7243.75,0),('3','CH','X','169','PN','','DOCTORADO EN PERICIAS CRIMINALÍSTICA','N','',13,'X',17,0,0,'',0,0,0,0,0,5100,0),('2','CN','X','137','TN','','DOCTORADO EN CIENCIAS Y TECNOLOGIAS DE RECURSOS NATURALES ORGANICOS','N','',13,'X',0,0,0,'',0,0,0,0,0,NULL,0),('3','AD','X','170','AT','','DOCTORADO EN ADMINISTRACION','N','',13,'X',1,0,0,'',0,0,0,0,0,305,0),('3','FH','X','171','FU','','DOCTORADO EN FILOSOFIA Y HUMANIDADES','N','',13,'X',1,0,0,'',0,0,0,0,0,305,0),('2','IS','X','254','IO','','MAESTRIA EN CIENCIAS: INGENIERIA COMERCIAL Y NEGOCIOS INTERNACIONALES','S','20191010130308',13,'X',39,0,0,'',0,0,0,0,0,11895,0),('2','CN','X','288','QP','','MAESTRIA EN CIENCIAS: QUIMICA DE PRODUCTOS NATURALES','N','',13,'X',1,0,0,'',0,0,0,0,0,305,0),('2','GG','X','255','TI','','MAESTRIA EN CIENCIAS DE LA TIERRA','S','20191105121638',13,'X',64,0,0,'',0,0,0,0,0,19215.5,0),('3','FH','Y','319','CT','','SEGUNDA ESPECIALIDAD EN: COMPRENSION LECTORA Y PRODUCCION DE TEXTOS','N','',13,'',1,0,0,'',0,0,0,0,0,42,40),('2','IC','Y','321','GB','','SEGUNDA ESPECIALIDAD GERENCIA EN LA CONSTRUCCION','N','',13,'',17,0,0,'',0,0,0,0,0,668,0),('3','AD','W','484','ST','','COMPLEMENTACION ACADEMICA EN GESTION','N','',11,'',372,0,0,'',0,0,0,0,0,40809.5,0),('3','CF','Z','486','FA','','FINANZAS','N','',11,'X',227,0,0,'',31.5,31.5,25.5,25.5,25.5,31174.5,0),('3','AD','Z','487','MK','','MARKETING','N','',11,'X',261,0,0,'',26,26,20,20,20,38554.5,0),('3','AD','Z','488','BS','','BANCA Y SEGUROS','N','20180301104554',11,'X',241,0,0,'',29,29,23,23,23,33285,0),('3','AD','Z','489','GS','','GESTIÓN','N','20170316120641',11,'X',236,0,0,'',26,26,20,20,20,35856,0),('3','AD','Y','349','GI','','SEGUNDA ESPECIALIDAD EN GESTION EN COMERCIO EXTERIOR','N','',13,'',23,0,0,'',0,0,0,0,0,2700,0),('3','CE','Y','322','NI','','SEGUNDA ESPECIALIDAD COMUNICACION INTEGRAL','S','20161010133105',13,'',30,0,0,'',0,0,0,0,0,1800,0),('3','CE','Y','323','UE','','SEGUNDA ESPECIALIDAD EDUCACION ESPECIAL E INCLUSIVA CON ATENCION A LA DIVERSIDAD','N','20160201130307',13,'',32,0,0,'',0,0,0,0,0,3200,0),('2','IP','Y','350','SR','','SEGUNDA ESPECIALIZACION EN SEGURIDAD Y PREVENCION DE RIESGOS INDUSTRIALES','N','',13,'',39,0,0,'',0,0,0,0,0,9650,0),('1','EN','X','105','DN','','DOCTORADO EN CIENCIAS: ENFERMERIA','S','20190731100629',13,'X',49,0,0,'',0,0,0,0,0,14480,0),('2','IS','Y','302','ID','','SEGUNDA ESPECIALIDAD EN INFORMATICA EDUCATIVA','N','20090722132542',13,'',0,0,0,'',0,0,0,0,0,NULL,50),('1','CB','Y','324','BE','','SEGUNDA ESPECIALIDAD EN INGENIERIA BIOTECNOLOGICA MOLECULAR','N','',13,'',9,0,0,'',0,0,0,0,0,180,60),('1','CB','Y','303','EV','','SEGUNDA ESPECIALIDAD EN: ESTADISTICA PARA LA INVESTIGACION','N','',13,'',19,0,0,'',0,0,0,0,0,760,60),('2','IP','Z','449','AM','','INGENIERÍA AMBIENTAL','N','20170315122749',11,'X',303,0,0,'',28,28,22,22,22,37887.5,0),('3','CH','Y','360','AF','','SEGUNDA ESPECIALIDAD EN ADMINISTRACION TURISTICA','N','',13,'',15,0,0,'',0,0,0,0,0,720,44),('2','IS','Z','450','CS','','CIENCIA DE LA COMPUTACIÓN','N','20160315112942',11,'X',236,0,0,'',28,28,22,22,22,34661,0),('2','IP','X','138','PO','','DOCTORADO EN INGENIERIA DE PROCESOS','N','',13,'X',6,0,0,'',0,0,0,0,0,1677.5,60),('3','FH','Y','325','MU','','SEGUNDA ESPECIALIDAD EN MULTIMEDIA','N','',13,'',14,0,0,'',0,0,0,0,0,1345,0),('2','IS','Y','351','SH','','SEGUNDA ESPECIALIDAD EN INGENIERIA DE SEGURIDAD INDUSTRIAL E HIGIENE OCUPACIONAL','N','',13,'',75,0,0,'',0,0,0,0,0,169150,48),('3','CE','W','490','UN','','COMPLEMENTACION UNIVERSITARIA','S','20180606105217',11,'',465,0,0,'',0,0,0,0,0,35330,88),('1','CB','X','106','BC','','DOCTORADO EN BIOLOGIA MOLECULAR Y CELULAR','N','',13,'X',1,0,0,'',0,0,0,0,0,305,0),('2','IC','Z','451','SN','','INGENIERÍA SANITARIA','N','',11,'X',192,0,0,'',29,29,23,23,23,25788.5,0),('2','AU','X','295','QT','','MAESTRIA EN CIENCIAS CON MENCION EN ARQUITECTURA','N','',13,'',1,0,0,'',0,0,0,0,0,305,0),('2','CN','Y','327','AP','','SEGUNDA ESPECIALIDAD EN ESTADISTICA APLICADA','N','',13,'',17,0,0,'',0,0,0,0,0,850,40),('3','AD','Y','352','GU','','SEGUNDA ESPECIALIDAD EN GERENCIA PUBLICA REGIONAL Y MUNICIPAL','N','',13,'',19,0,0,'',0,0,0,0,0,4750,0),('3','AD','Y','353','GY','','SEGUNDA ESPECIALIDAD EN: GERENCIA LOGISTICA Y SUPPLY CHAIN MANAGEMENT','N','',13,'',4,0,0,'',0,0,0,0,0,480,0),('3','CF','Y','328','PL','','SEGUNDA ESPECIALIDAD GERENCIA PUBLICA Y GOBERNABILIDAD','N','',13,'',4,0,0,'',0,0,0,0,0,480,40),('3','CH','Y','329','FF','','SEGUNDA ESPECIALIDAD EN ANTROPOLOGIA FISICA FORENSE','N','',13,'',12,0,0,'',0,0,0,0,0,2350,50),('3','AD','W','491','LA','','LIC. EN ADMINISTRACION PARA OFICIALES BACHILLERES FFAA-PNP','N','',13,'',26,0,0,'',0,0,0,0,0,2600,48),('1','CB','X','107','BU','','DOCTORADO EN BIOLOGIA CELULAR Y MOLECULAR','N','',13,'X',1,0,0,'',0,0,0,0,0,305,0),('1','CB','X','108','BA','','DOCTORADO EN BIOLOGIA AMBIENTAL','N','',13,'X',2,0,0,'',0,0,0,0,0,610,0),('1','CB','X','109','PV','','DOCTORADO EN CIENCIAS: PROTECCION VEGETAL','N','',13,'X',1,0,0,'',0,0,0,0,0,305,0),('2','IS','Z','452','IT','','INGENIERÍA EN TELECOMUNICACIONES','N','',11,'X',391,0,0,'',28,28,22,22,22,56248,0),('2','IS','X','256','FB','','MAESTRIA EN INGENIERIA FINANCIERA Y BANCARIA','N','',13,'X',8,0,0,'',0,0,0,0,0,2440,0),('2','AU','X','257','RU','','MAESTRIA EN CIENCIAS CON MENCION EN: RENOVACION URBANA','N','',13,'X',1,0,0,'',0,0,0,0,0,305,0),('2','AU','X','258','ER','','MAESTRIA EN CIENCIAS CON MENCION EN: GERENCIA EN LA CONSTRUCCION','S','20200203143809',13,'N',64,0,0,'',0,0,0,0,0,19672.5,0),('2','IS','X','259','CB','','MAESTRIA EN CIENCIAS DE LA COMPUTACION','S','20190823144755',13,'X',7,0,0,'',0,0,0,0,0,2135,0),('3','FH','X','289','LN','','MAESTRIA EN LINGUISTICA INGLESA','N','',13,'X',1,0,0,'',0,0,0,0,0,305,0),('2','CN','X','218','GW','','MAESTRIA EN CIENCIAS: GERENCIA EN SEGURIDAD, CALIDAD DE LABORATORIOS ANALITICOS Y ACREDITACION','S','20190920125216',13,'X',24,0,0,'',0,0,0,0,0,7167.5,0),('3','FH','X','290','LT','','MAESTRIA EN: LINGUISTICA DEL TEXTO, COMPRENSION Y PRODUCCION DE TEXTOS','S','20190612150041',13,'X',10,0,0,'',0,0,0,0,0,3050,0),('2','AU','X','139','DV','','DOCTORADO EN CIENCIAS: VIVIENDA','N','',13,'X',9,0,0,'',0,0,0,0,0,2100,0),('2','CN','X','110','BB','','DOCTORADO EN BIOLOGIA MOLECULAR Y BIOTECNOLOGIA','N','',13,'X',1,0,0,'',0,0,0,0,0,305,0),('2','IS','X','140','DR','','DOCTORADO EN CIENCIAS: INGENIERIA DE PROYECTOS','N','',13,'X',1,0,0,'',0,0,0,0,0,305,0),('2','CN','X','219','QM','','MAESTRIA EN CIENCIAS TECNOLOGIAS QUIMICAS MEDIOAMBIENTALES Y BIORREMEDIACION','N','',13,'X',12,0,0,'',0,0,0,0,0,3350,60),('2','IS','X','141','CV','','DOCTORADO EN CIENCIAS AMBIENTALES Y ENERGIAS RENOVABLES','S','20191217103106',13,'X',18,0,0,'',0,0,0,0,0,5032.5,0),('3','AD','X','172','AO','','DOCTORADO EN ADMINISTRACION (DBA)','N','20190408111400',13,'X',49,0,0,'',0,0,0,0,0,14030,0),('3','CE','Y','330','VC','','SEGUNDA ESPECIALIDAD EN LAS AREAS DE HISTORIA, GEOGRAFIA Y ECONOMIA, FORMACION CIUDADANA Y CIVICA','N','',13,'',79,0,0,'',0,0,0,0,0,0.79,0),('3','CE','Y','304','IZ','','SEGUNDA ESPECIALIDAD CON MENCION EN EDUCACION INICIAL','N','20180731091359',13,'',237,0,0,'',0,0,0,0,0,23700,0),('3','CH','Y','354','GJ','','SEGUNDA ESPECIALIDAD EN EDUCACION AMBIENTAL Y GEOGRAFIA','N','',13,'',15,0,0,'',0,0,0,0,0,830,0),('2','IP','X','142','SB','','DOCTORADO EN SEGURIDAD Y MEDIO AMBIENTE','N','',13,'X',5,0,0,'',0,0,0,0,0,1525,0),('2','IS','X','143','IE','','DOCTORADO EN CIENCIAS: ELECTRONICA','N','',13,'X',2,0,0,'',0,0,0,0,0,610,0),('2','IS','X','144','MO','','DOCTORADO EN CIENCIAS: INGENIERIA MECATRONICA','S','20191001100522',13,'X',9,0,0,'',0,0,0,0,0,2665,0),('3','CH','X','173','DF','','DOCTORADO EN GEOGRAFIA','N','',13,'X',22,0,0,'',0,0,0,0,0,5930,0),('2','AU','X','145','UR','','DOCTORADO EN ARQUITECTURA Y URBANISMO','N','20191010105056',13,'X',12,0,0,'',0,0,0,0,0,3431.25,0),('2','IS','X','260','MG','','MAESTRIA EN GERENCIA Y GESTION ESTRATEGICA','N','',13,'X',4,0,0,'',0,0,0,0,0,1220,0),('3','CH','Y','615','TF','','SEGUNDA ESPECIALIDAD PROMOCION DE LA SALUD Y TERAPIA FAMILIAR','N','',13,'',3,0,0,'',0,0,0,0,0,1350,40),('3','CH','X','292','SD','','MAESTRIA EN SOCIEDAD, GESTION E INFORMATICA EDUCATICA','N','',13,'X',17,0,0,'',0,0,0,0,0,5185,0),('3','AD','X','293','MB','','MAESTRIA EN CIENCIAS: ADMINISTRACION (MBA)','N','20190124151943',13,'X',370,0,0,'',0,0,0,0,0,113383,0),('3','CE','Y','355','CD','','SEGUNDA ESPECIALIDAD EN ENSEÑANZA DE COMUNICACION Y MATEMATICA DEL II Y III CICLO DE ERB','N','',13,'',254,0,0,'',0,0,0,0,0,2.54,0),('1','CB','Y','616','LC','','SEGUNDA ESPECIALIDAD EN LABORATORIO DE ANALISIS CLINICOS Y BIOLOGICOS','N','',13,'',137,0,0,'',0,0,0,0,0,34250,0),('2','AU','X','222','OT','','MAESTRIA EN CIENCIAS CON MENCION EN PLANIFICACION EN ORDENAMIENTO TERRITORIAL Y DESARROLLO URBANO','N','20181210105357',13,'X',39,0,0,'',0,0,0,0,0,11437.5,0),('3','PR','X','223','JD','','MAESTRIA EN CIENCIAS, CON MENCION EN PSICOLOGIA JURIDICO FORENSE','N','20190409123644',13,'X',40,0,0,'',0,0,0,0,0,12505,0),('3','AD','W','492','FA','','COMP.ACAD. TECNICOS Y SUBOF. DE LAS FFAA EJERCITO MARINA PNP','N','',11,'',92,0,0,'',0,0,0,0,0,9495,0),('1','MD','X','229','SO','','MAESTRIA EN CIENCIAS: SALUD OCUPACIONAL','S','20190912101741',13,'X',35,0,0,'',0,0,0,0,0,11285,0),('3','FH','X','242','MU','','MAESTRIA EN MUSICA','S','20181218133010',13,'X',30,0,0,'',0,0,0,0,0,8993.75,0),('2','IS','X','279','OM','','MAESTRIA EN OPERACION Y MANTENIMIENTO DE INSTALACIONES ELECTRICAS','N','',13,'X',20,0,0,'',0,0,0,0,0,6100,0),('2','IS','X','294','GE','','MAESTRIA EN GESTION DE LA ENERGIA','N','',13,'X',23,0,0,'',0,0,0,0,0,0.23,0),('2','GG','Y','356','HA','','SEGUNDA ESPECIALIDAD EN INGENIERIA HIDROGEOLOGICA','N','',13,'',13,0,0,'',0,0,0,0,0,3900,0),('2','IS','Y','357','RA','','SEGUNDA ESPECIALIDAD EN INGENIERIA DE REFRIGERACION Y AIRE ACONDICIONADO','N','',13,'',6,0,0,'',0,0,0,0,0,465,0),('3','CF','X','179','BR','','DOCTORADO EN CIENCIAS GOBERNABILIDAD Y GESTION PUBLICA ESTRATEGICA','N','',13,'X',14,0,0,'',0,0,0,0,0,4117,0),('3','CE','Y','358','CC','','ESPECIALISTA EN COMUNICACION MATEMATICA Y CIENCIA - NIVEL DE EDUCACION PRIMARIA DE EDUCACION BASICA REGULAR','N','',13,'',155,0,0,'',0,0,0,0,0,133.24,100),('3','CE','Y','359','CJ','','ESPECIALISTA EN COMUNICACION, MATEMATICA Y PSICOMOTROCIDAD - II CICLO NIVEL DE EDUCACION INICIAL DE EDUCACION BASICA REGULAR','N','',13,'',82,0,0,'',0,0,0,0,0,0.82,0),('3','CE','Y','601','DJ','','DIDACTICA DEL AREA DE CIENCIA, TECNOLOGIA Y AMBIENTE - NIVEL DE EDUCACION SECUNDARIA DE EDUCACION BASICA REGULAR','N','',13,'',80,0,0,'',0,0,0,0,0,0.8,0),('3','CE','Y','602','AL','','SEGUNDA ESPECIALIDAD EN CIENCIAS SOCIALES','N','20180731091625',13,'',52,0,0,'',0,0,0,0,0,5200,0),('3','CE','Y','603','OA','','SEGUNDA ESPECIALIDAD EN COMUNICACION Y MATEMATICA EN EL NIVEL DE EDUCACION PRIMARIA','S','20150406125438',13,'',4,0,0,'',0,0,0,0,0,240,0),('3','CE','Y','604','EU','','SEGUNDA ESPECIALIDAD EN EDUCACION INTERCULTURAL Y BILINGÜE: DESARROLLO DE LA IDENTIDAD Y LAS CAPACIDADES COMUNICATIVAS','S','20170609093919',13,'',32,0,0,'',0,0,0,0,0,1920,0),('3','CE','Y','605','UV','','SEGUNDA ESPECIALIDAD EN AUTOEVALUACION Y ACREDITACION EN EDUCACION','S','20160201130439',13,'',39,0,0,'',0,0,0,0,0,2340,0),('3','CE','Y','606','TE','','SEGUNDA ESPECIALIDAD EN DIDACTICA DE LA MATEMATICA PARA LA EDUCACION PRIMARIA','S','20150406130306',13,'',149,0,0,'',0,0,0,0,0,8940,0),('3','CF','Y','607','CQ','','SEGUNDA ESPECIALIDAD GERENCIA DE COSTOS Y PRESUPUESTOS','N','',13,'',7,0,0,'',0,0,0,0,0,840,48),('1','CB','Y','608','BG','','SEGUNDA ESPECIALIDAD EN BIOLOGIA MOLECULAR Y CELULAR','N','',13,'',16,0,0,'',0,0,0,0,0,752,0),('3','CF','Y','609','DX','','SEGUNDA ESPECIALIZACION EN DIRECCION FINANCIERA Y CONTABLE','N','',13,'',4,0,0,'',0,0,0,0,0,480,48),('3','CE','Y','610','DK','','SEGUNDA ESPECIALIDAD EN DIDACTICA DE LA EDUCACION CIUDADANA','N','',13,'',81,0,0,'',0,0,0,0,0,0.81,0),('3','CE','Y','611','DW','','SEGUNDA ESPECIALIDAD EN DIDACTICA DE LA MATEMATICA EN EDUCACION SECUNDARIA','N','',13,'',59,0,0,'',0,0,0,0,0,0.59,0),('3','CE','Y','612','DY','','SEGUNDA ESPECIALIDAD EN DIDACTICA DE LA COMUNICACION EN EDUCACION SECUNDARIA','N','',13,'',66,0,0,'',0,0,0,0,0,0.66,0),('3','CE','Y','613','DZ','','SEGUNDA ESPECIALIDAD EN DIDACTICA DE LA EDUCACION INICIAL','N','',13,'',134,0,0,'',0,0,0,0,0,1.34,0),('3','CE','Y','614','CZ','','SEGUNDA ESPECIALIDAD EN DIDACTICA DE LA EDUCACION PRIMARIA','N','',13,'',217,0,0,'',0,0,0,0,0,2.18,0),('2','IS','Y','617','IH','','SEGUNDA ESPECIALIDAD EN INGENIERIA DE MANTENIMIENTO','N','',13,'',3,0,0,'',0,0,0,0,0,300,0),('3','AD','X','177','UB','','DOCTORADO EN ADMINISTRACION PUBLICA','N','',13,'X',0,0,0,'',0,0,0,0,0,NULL,0),('1','CB','Y','618','BF','','SEGUNDA ESPECIALIDAD EN BIOLOGIA FORENSE','N','',13,'',14,0,0,'',0,0,0,0,0,3500,0),('1','CB','Y','619','MZ','','SEGUNDA ESPECIALIDAD EN MICROBIOLOGIA Y PARASITOLOGIA','N','',13,'',57,0,0,'',0,0,0,0,0,14250,0),('2','IS','Y','620','RE','','SEGUNDA ESPECIALIDAD EN ENERGIAS RENOVABLES','N','',13,'',7,0,0,'',0,0,0,0,0,1750,50),('3','PR','Y','621','PH','','SEGUNDA ESPECIALIDAD EN PSICOLOGIA CLINICA Y DE LA SALUD','N','',13,'',56,0,0,'',0,0,0,0,0,5575,0),('1','MD','Y','623','AH','','SEGUNDA ESPECIALIDAD EN ANATOMIA PATOLOGICA Y LABORATORIO CLINICO','N','',13,'',0,0,0,'',0,0,0,0,0,NULL,0),('1','MD','Y','624','AJ','','SEGUNDA ESPECIALIDAD DE ANESTESIOLOGIA','N','',13,'',0,0,0,'',0,0,0,0,0,NULL,0),('1','MD','Y','625','CH','','SEGUNDA ESPECIALIDAD DE CARDIOLOGIA','N','',13,'',0,0,0,'',0,0,0,0,0,NULL,0),('1','MD','Y','626','RG','','SEGUNDA ESPECIALIDAD DE CIRUGIA GENERAL','N','',13,'',0,0,0,'',0,0,0,0,0,NULL,0),('1','MD','Y','627','OB','','SEGUNDA ESPECIALIDAD DE GINECOLOGIA Y OBSTETRICIA','N','',13,'',0,0,0,'',0,0,0,0,0,NULL,0),('1','MD','Y','628','MF','','SEGUNDA ESPECIALIDAD DE MEDICINA INTERNA','N','',13,'',0,0,0,'',0,0,0,0,0,NULL,0),('1','MD','Y','629','NE','','SEGUNDA ESPECIALIDAD DE NEFROLOGIA','N','',13,'',0,0,0,'',0,0,0,0,0,NULL,0),('1','MD','Y','630','NO','','SEGUNDA ESPECIALIDAD DE NEONATOLOGIA','N','',13,'',0,0,0,'',0,0,0,0,0,NULL,0),('1','MD','Y','631','NC','','SEGUNDA ESPECIALIDAD DE NEUROCIRUGIA','N','',13,'',0,0,0,'',0,0,0,0,0,NULL,0),('1','MD','Y','632','OL','','SEGUNDA ESPECIALIDAD DE OFTALMOLOGIA','N','',13,'',0,0,0,'',0,0,0,0,0,NULL,0),('1','MD','Y','633','OR','','SEGUNDA ESPECIALIDAD DE ORTOPEDIA Y TRAUMATOLOGIA','N','',13,'',0,0,0,'',0,0,0,0,0,NULL,0),('1','MD','Y','634','OO','','SEGUNDA ESPECIALIDAD DE OTORRINOLARINGOLOGIA','N','',13,'',0,0,0,'',0,0,0,0,0,NULL,0),('1','MD','Y','635','TT','','SEGUNDA ESPECIALIDAD DE PEDIATRIA','N','',13,'',0,0,0,'',0,0,0,0,0,NULL,0),('1','MD','Y','636','PQ','','SEGUNDA ESPECIALIDAD DE PSIQUIATRIA','N','',13,'',0,0,0,'',0,0,0,0,0,NULL,0),('1','MD','Y','637','RD','','SEGUNDA ESPECIALIDAD DE RADIOLOGIA','N','',13,'',0,0,0,'',0,0,0,0,0,NULL,0),('1','MD','Y','638','RT','','SEGUNDA ESPECIALIDAD DE REUMATOLOGIA','N','',13,'',0,0,0,'',0,0,0,0,0,NULL,0),('1','MD','Y','639','UO','','SEGUNDA ESPECIALIDAD DE UROLOGIA','N','',13,'',0,0,0,'',0,0,0,0,0,NULL,0),('1','MD','Y','640','GQ','','SEGUNDA ESPECIALIDAD DE GASTROENTEROLOGIA','N','',13,'',0,0,0,'',0,0,0,0,0,NULL,0),('1','MD','Y','641','NR','','SEGUNDA ESPECIALIDAD DE NEUROLOGIA','N','',13,'',0,0,0,'',0,0,0,0,0,NULL,0),('1','MD','Y','642','MH','','SEGUNDA ESPECIALIDAD DE MEDICINA INTENSIVA','N','',13,'',0,0,0,'',0,0,0,0,0,NULL,0),('1','MD','Y','643','PJ','','SEGUNDA ESPECIALIDAD DE PATOLOGIA CLINICA','N','',13,'',0,0,0,'',0,0,0,0,0,NULL,0),('1','MD','Y','644','AK','','SEGUNDA ESPECIALIDAD DE ANATOMIA PATOLOGICA','N','',13,'',0,0,0,'',0,0,0,0,0,NULL,0),('1','MD','Y','645','SC','','SEGUNDA ESPECIALIDAD DE ADOLESCENTOLOGIA','N','',13,'',0,0,0,'',0,0,0,0,0,NULL,0),('1','MD','Y','646','CX','','SEGUNDA ESPECIALIDAD DE CIRUGIA DE TORAX Y CARDIOVASCULAR','N','',13,'',0,0,0,'',0,0,0,0,0,NULL,0),('1','MD','Y','647','EH','','SEGUNDA ESPECIALIDAD DE DERMATOLOGIA','N','',13,'',0,0,0,'',0,0,0,0,0,NULL,0),('1','MD','Y','648','FR','','SEGUNDA ESPECIALIDAD DE MEDICINA FAMILIAR','N','',13,'',0,0,0,'',0,0,0,0,0,NULL,0),('1','MD','Y','649','AW','','SEGUNDA ESPECIALIDAD DE ADMINISTRACION Y GESTION DE SALUD','N','',13,'',0,0,0,'',0,0,0,0,0,NULL,0),('1','MD','Y','650','EK','','SEGUNDA ESPECIALIDAD DE MEDICINA DE EMERGENCIAS Y DESASTRES','N','',13,'',0,0,0,'',0,0,0,0,0,NULL,0),('1','MD','Y','651','ON','','SEGUNDA ESPECIALIDAD DE MEDICINA ONCOLOGICA','N','',13,'',0,0,0,'',0,0,0,0,0,NULL,0),('1','MD','Y','652','OG','','SEGUNDA ESPECIALIDAD DE OFTALMOLOGIA PEDIATRICA Y ESTRABISMO (COMO SUBESPECIALIDAD)','N','',13,'',0,0,0,'',0,0,0,0,0,NULL,0),('1','MD','Y','653','RX','','SEGUNDA ESPECIALIDAD DE RADIOTERAPIA','N','',13,'',0,0,0,'',0,0,0,0,0,NULL,0),('1','MD','Y','654','CK','','SEGUNDA ESPECIALIDAD DE CIRUGIA ONCOLOGICA','N','',13,'',0,0,0,'',0,0,0,0,0,NULL,0),('1','MD','Y','655','NM','','SEGUNDA ESPECIALIDAD DE NEUMOLOGIA','N','',13,'',0,0,0,'',0,0,0,0,0,NULL,0),('1','MD','Y','656','NP','','SEGUNDA ESPECIALIDAD DE NEUMOLOGIA PEDIATRICA','N','',13,'',0,0,0,'',0,0,0,0,0,NULL,0),('1','MD','Y','657','HM','','SEGUNDA ESPECIALIDAD DE HEMATOLOGIA','N','',13,'',0,0,0,'',0,0,0,0,0,NULL,0),('1','MD','Y','658','EZ','','SEGUNDA ESPECIALIDAD DE MEDICINA DE ENFERMEDADES INFECCIOSAS Y TROPICALES','N','',13,'',0,0,0,'',0,0,0,0,0,NULL,0),('1','MD','Y','659','MJ','','SEGUNDA ESPECIALIDAD DE MEDICINA LEGAL','N','',13,'',0,0,0,'',0,0,0,0,0,NULL,0),('1','MD','Y','660','EQ','','SEGUNDA ESPECIALIDAD DE ENDOCRINOLOGIA','N','',13,'',0,0,0,'',0,0,0,0,0,NULL,0),('1','MD','Y','661','RC','','SEGUNDA ESPECIALIDAD EN CIRUGIA PLASTICA Y RECONSTRUCTIVA','N','',13,'',0,0,0,'',0,0,0,0,0,NULL,0),('1','MD','Y','662','GZ','','SEGUNDA ESPECIALIDAD EN GERIATRIA','N','',13,'',0,0,0,'',0,0,0,0,0,NULL,0),('1','MD','Y','663','NS','','SEGUNDA ESPECIALIDAD DE NEONATOLOGIA (COMO SUBESPECIALIDAD)','N','',13,'',0,0,0,'',0,0,0,0,0,NULL,0);
/*!40000 ALTER TABLE `actescu` ENABLE KEYS */;
UNLOCK TABLES;

--
-- Table structure for table `actfacu`
--

DROP TABLE IF EXISTS `actfacu`;
/*!40101 SET @saved_cs_client     = @@character_set_client */;
/*!40101 SET character_set_client = utf8 */;
CREATE TABLE `actfacu` (
  `area` char(1) NOT NULL DEFAULT '',
  `facu` char(2) NOT NULL DEFAULT '',
  `nfac` char(100) NOT NULL DEFAULT '',
  KEY `facu` (`facu`)
) ENGINE=MyISAM DEFAULT CHARSET=latin1;
/*!40101 SET character_set_client = @saved_cs_client */;

--
-- Dumping data for table `actfacu`
--

LOCK TABLES `actfacu` WRITE;
/*!40000 ALTER TABLE `actfacu` DISABLE KEYS */;
INSERT INTO `actfacu` VALUES ('1','CB','FACULTAD DE CIENCIAS BIOLOGICAS'),('1','EN','FACULTAD DE ENFERMERIA'),('1','MD','FACULTAD DE MEDICINA'),('2','AU','FACULTAD DE ARQUITECTURA Y URBANISMO'),('2','CN','FACULTAD DE CIENCIAS NATURALES'),('2','GG','FACULTAD DE INGENIERIA GEOLOGICA, GEOFISICA Y MINAS'),('2','IC','FACULTAD DE INGENIERIA CIVIL'),('2','IP','FACULTAD DE INGENIERIA DE PROCESOS'),('2','IS','FACULTAD DE INGENIERIA DE PRODUCCION Y SERVICIOS'),('3','CC','FACULTAD DE CIENCIAS CONTABLES Y ADMINISTRATIVAS'),('3','CE','FACULTAD DE CIENCIAS DE LA EDUCACION'),('3','CH','FACULTAD DE CIENCIAS HISTORICOS SOCIALES'),('3','DE','FACULTAD DE DERECHO'),('3','EC','FACULTAD DE ECONOMIA'),('3','FH','FACULTAD DE FILOSOFIA Y HUMANIDADES'),('3','PR','FACULTAD DE PSICOLOGIA, RELACIONES INDUSTRIALES Y CIENCIAS DE LA COMUNICACION'),('3','CF','FACULTAD DE CIENCIAS CONTABLES Y FINANCIERAS'),('3','AD','FACULTAD DE ADMINISTRACION'),('1','AG','FACULTAD DE AGRONOMIA');
/*!40000 ALTER TABLE `actfacu` ENABLE KEYS */;
UNLOCK TABLES;

--
-- Table structure for table `actdepa`
--

DROP TABLE IF EXISTS `actdepa`;
/*!40101 SET @saved_cs_client     = @@character_set_client */;
/*!40101 SET character_set_client = utf8 */;
CREATE TABLE `actdepa` (
  `facu` char(2) NOT NULL DEFAULT '',
  `depa` char(2) NOT NULL DEFAULT '',
  `ndep` char(40) NOT NULL DEFAULT '',
  `flc` char(1) NOT NULL DEFAULT '',
  `fln` int(11) NOT NULL DEFAULT 0
) ENGINE=MyISAM DEFAULT CHARSET=latin1;
/*!40101 SET character_set_client = @saved_cs_client */;

--
-- Dumping data for table `actdepa`
--

LOCK TABLES `actdepa` WRITE;
/*!40000 ALTER TABLE `actdepa` DISABLE KEYS */;
INSERT INTO `actdepa` VALUES ('CN','FS','F I S I C A','',1),('CN','MA','MATEMATICAS Y ESTADI','',0),('CN','QU','Q U I M I C A','',1),('DE','PR','DERECHO PRIVADO','',1),('DE','PU','DERECHO PUBLICO','',1),('EC','EC','E C O N O M I A','',1),('EN','EN','E N F E R M E R I A','',1),('FH','FL','F I L O S O F I A','',1),('FH','LL','LITERATURA Y LENGUA','',1),('GG','GG','GEOLOGIA Y GEOFISICA','',1),('IC','IC','INGENIERIA CIVIL','',1),('IP','IM','ING. METALURGICA E ING. AMBIENTAL','',1),('IP','IQ','ING. QUIMICA E IND. ALIM.','',0),('IS','IE','ING. ELECTRONICA','',1),('IS','II','ING. INDUSTRIAL','',1),('IS','ME','ING. MECANICA-ELECTR','',1),('MD','CR','C I R U G I A','',1),('MD','MN','MEDICINA Y NEUROPSIQUIATRIA','',0),('MD','MP','MICROBIOLOGIA Y PATOLOGIA','',1),('MD','MH','MORFOLOGIA HUMANA','',1),('MD','OG','OBSTETRICIA Y GINECOLOGIA','',1),('MD','PM','PEDIATRIA Y MED.SOCIAL','',0),('PR','PS','P S I C O L O G I A','',1),('PR','RI','RR. II. Y PP.','',0),('AD','AA','CS.ADMINISTRAT.Y ACT','',0),('AG','AG','CS.AGROPECUARIAS','',1),('AU','AQ','ARQUITECTURA','',1),('FH','AR','A R T E S','',1),('CB','BI','BIOLOGIA','',1),('MD','CF','CS. FISIOLOGICAS','',1),('CF','CO','CONTABILIDAD','',1),('CE','ED','E D U C A C I O N','',1),('CH','HG','HISTO.GEOGR.Y ANTROP','',1),('CB','IP','INGENIERIA PESQUERA','',1),('CB','NU','CS. DE LA NUTRICION','',1),('CH','SO','S O C I O L O G I A','',1),('CH','TS','TRABAJO SOCIAL.','',1),('PR','CC','CS. DE LA COMUNICACION','',1),('IS','SI','INGENIERIA DE SISTEMAS E INFORMATICA','',1),('MD','SP','SALUD PUBLICA','',1),('IS','EL','ING. ELECTRICA','',1),('MD','NC','NEUROCIENCIAS','',1),('PR','RC','RR.II. Y CIENCIAS DE LA COMUNICACION','',0),('MD','MD','MEDICINA','',1),('IP','MM','ING. METALURGICA Y MATERIALES','',0),('MD','PP','PEDIATRIA','',1),('AD','AD','ADMINISTRACION','',1),('IP','IA','ING. INDUSTRIAS ALIMENTARIAS','',1),('PR','RR','RELACIONES INDUSTRIALES','',1),('IP','MT','INGENIERIA DE MATERIALES','',1),('CN','ES','ESTADISTICA','',1),('CN','MS','MATEMATICAS','',1),('IP','QM','INGENIERIA QUIMICA','',1),('','PG','POSGRADO','',0);
/*!40000 ALTER TABLE `actdepa` ENABLE KEYS */;
UNLOCK TABLES;
/*!40103 SET TIME_ZONE=@OLD_TIME_ZONE */;

/*!40101 SET SQL_MODE=@OLD_SQL_MODE */;
/*!40014 SET FOREIGN_KEY_CHECKS=@OLD_FOREIGN_KEY_CHECKS */;
/*!40014 SET UNIQUE_CHECKS=@OLD_UNIQUE_CHECKS */;
/*!40101 SET CHARACTER_SET_CLIENT=@OLD_CHARACTER_SET_CLIENT */;
/*!40101 SET CHARACTER_SET_RESULTS=@OLD_CHARACTER_SET_RESULTS */;
/*!40101 SET COLLATION_CONNECTION=@OLD_COLLATION_CONNECTION */;
/*!40111 SET SQL_NOTES=@OLD_SQL_NOTES */;

-- Dump completed on 2020-05-15 18:56:55
